Current Rank,Last Rank,Age,Academic score,Employer score,Faculty Student score,CitationsPerFaculty score,InternationalFaculty score,InternationalStudent score,Overall Score,color
1,1,5,100,100,100,99.8,100,95.5,100.0,red
2,2,5,100,100,100,99,99.8,70.5,98.6,red
3,3,5,100,100,99.3,99.8,92.1,75.7,98.5,red
4,4,5,98.7,81.2,100,100,96.8,90.3,97.2,red
5,6,5,100,100,100,83,99.6,98.8,96.8,red
6,5,5,100,100,100,77.2,99.4,97.9,95.6,red
7,10,5,98.2,96.2,82.4,98.7,100,98.6,95.3,red
8,8,5,98.7,99.9,99.9,67.8,100,100,93.3,red
9,9,5,99.6,90.7,97.4,83.6,74.2,82.5,93.2,red
10,7,5,99.3,99.2,99.2,66.2,98.7,100,92.9,red
11,15,5,99.8,99.1,91.8,72.8,100,80.7,92.0,red
12,11,3,90.3,92.6,95,87.5,100,83.5,91.3,red
13,13,5,99.9,96.7,70.3,100,70.1,69.2,90.9,red
14,14,5,98.7,90.5,70.4,95.9,93.3,77,90.5,red
15,16,5,99.9,99.7,100,60.2,86.3,61.2,89.6,red
16,18,5,99.7,97.4,100,59.2,40.4,96.2,88.5,red
17,25,5,97,99.4,91.5,77.4,60.6,29.2,87.2,red
18,  23 ,5,97.3,94,85.5,57.2,97.4,98.8,86.9,red
19,19,5,95.4,92.6,100,59.7,72.1,65.2,86.5,red
20,  21 ,5,98.9,90.2,94.3,60.5,82.3,49.8,86.4,red
21,17,5,89.7,56.9,100,80.2,79.9,81.6,85.9,red
22,12,5,72.8,78.2,94.5,98.9,100,100,85.8,red
23,  28 ,5,100,99.5,94.2,72.2,12.3,25.5,85.3,red
24,20,4,97.1,82.6,47.9,87.8,100,99.5,84.4,red
25,26,5,96.7,83.7,88.1,47.1,100,99.4,84.3,red
26,  21 ,5,88.2,74.7,99.3,88.2,14.3,55,83.9,red
27,27,5,100,99.8,28.9,99.9,99.5,46.1,83.2,red
28,31,5,98.7,94,74.8,47.6,96.4,92.9,83.0,red
29,34,5,94.6,98.5,76,51.2,93.2,98.8,82.9,red
30,  38 ,5,99,99.8,64,69.4,68.2,53.8,82.6,red
31,  23 ,5,87.7,83.2,85.1,59.9,98.6,99.7,82.5,red
32,33,4,100,99.1,41.8,92.4,56.1,42,81.9,red
33,32,5,91.4,93.1,73,58.3,90.4,96.2,81.7,red
34,  28 ,5,85,73.1,99.8,68.4,72,54.8,81.5,red
35,  36 ,5,98.6,93.2,95.7,56.6,17.4,18.2,81.2,red
36,  36 ,4,96.2,92.7,87.7,66.5,22.1,14,80.6,red
37,30,3,83.6,73,61.8,89,100,87.9,80.5,red
38,35,5,84.2,99.9,47,84.6,100,100,80.2,red
39,  41 ,5,99,98.8,26.5,76.4,97.6,99.9,80.1,red
40,  41 ,3,83.2,78.3,79.5,98.5,26.4,9.8,78.7,red
41,  38 ,4,91.7,56.1,62.1,84.5,64.9,70.7,78.6,red
42,50,5,97.2,97,24.9,72.7,100,99.8,78.3,red
43,52,5,95.6,91.3,97.3,23.7,28.4,90.9,77.7,red
44,40,5,81.8,95.9,84.7,58.6,89.3,39.2,77.6,red
45,45,4,90.4,96.7,23.8,81.6,100,97.4,77.0,red
46,  47 ,5,78.5,79,45.7,95.4,78.3,100,76.6,red
47,51,5,96.7,88.1,37.6,60.7,92.2,77.7,75.8,red
48,  47 ,5,87.3,79.9,29.9,83.4,100,97.6,75.7,red
49,46,4,86.1,62.7,75.9,49.5,100,91.2,75.6,red
50,1000,1,80.3,99.3,99.9,26.6,67.7,84.2,75.1,red
51,44,5,75.6,89.4,75.9,63.8,84.4,66.4,74.9,red
52,54,5,69.3,83.9,48.5,90.2,98.6,86.7,73.3,red
53,55,5,88.5,51.2,87.4,52.6,58.8,30.6,73.2,red
54,57,4,73.8,96.1,62.4,56.1,98.4,99.3,72.9,red
55,49,3,55.6,39.2,90.9,88.7,100,97.3,72.1,red
56,53,5,62.5,52.7,81.2,89.8,88.1,58.3,72.0,red
57,58,5,79.2,51.8,58.5,81.6,80.1,40.3,71.1,red
58,56,5,74.6,80,90.4,59.8,31,27.1,71.0,red
  59 ,60,4,86.7,93.1,15.3,65.9,100,99,70.4,red
  59 ,62,5,77.8,96.1,39.4,85,77.4,15.6,70.4,red
61,64,5,78.1,98.3,88.8,23.9,59.5,63.9,70.0,red
62,66,5,90,84.4,51.8,47.1,60.2,38.8,69.4,red
63,67,5,93.8,78.1,14.7,94.1,7.3,20.4,68.7,red
64,68,5,78.4,55.4,91.4,36.8,53.6,52.4,68.0,red
65,59,5,46.8,99.7,99.9,47.3,95.4,95.8,67.9,red
66,61,5,85,46.5,21,99.5,58.6,38.4,67.8,red
67,63,4,79.4,70.5,81.3,52.2,23.9,15.5,67.7,red
68,87,5,65.6,85,60.9,69.2,86.9,45.1,67.5,red
  69 ,70,5,73.5,74.6,23.5,100,42.4,70.9,67.4,red
  69 ,65,5,70.4,59.6,60.7,57.2,94.3,96.7,67.4,red
71,69,5,89.1,53.6,15.9,90.7,20.7,70,67.0,red
72,  76 ,4,88.6,70.7,40.2,68.7,16.6,19.8,66.3,red
73,75,5,86.1,91.6,79.1,2.5,53.4,68.5,66.2,red
74,  78 ,5,57.1,94.1,38,82.5,95.5,87.5,65.7,red
  75 ,1000,1,88.4,46.6,59.4,39.7,41.4,54.6,64.8,red
  75 ,  82 ,5,61,64.1,64.5,58.8,88.9,94.2,64.8,red
77,  76 ,5,68.7,61.8,98.4,45.7,14.5,18.2,64.3,red
78,  73 ,5,55.6,70.8,99,31.8,100,59.2,63.6,red
  79 ,  84 ,5,63.6,84.9,53.6,48.5,91.5,88.2,63.5,red
  79 ,  73 ,5,67.2,47,99.9,28.8,91.6,28,63.5,red
81,  71 ,5,76.5,60.8,13.4,87.1,89.6,39.8,63.4,red
82,  84 ,5,61.3,79.5,60.4,47.5,93.5,83.8,63.1,red
  83 ,  71 ,3,38.7,49.2,99.8,99.6,46.6,5.4,63.0,red
  83 ,80,5,68.1,43.1,95.5,49.6,31.7,12.7,63.0,red
85,  82 ,5,82.7,59.4,21.3,52.3,87,91.3,62.8,red
86,  90 ,5,66.7,84.7,86.8,34.8,16.9,44.2,62.7,red
  87 ,89,5,38.7,18.5,85.6,96,89.6,85.3,62.6,red
  87 ,  114 ,5,63.9,57.7,93.5,32.6,55.9,61.2,62.6,red
89,86,5,64.8,55.6,81.7,41.3,81.8,41.2,62.4,red
90,  95 ,5,71.3,78.2,99.7,6.7,16.6,73.1,62.3,red
91,  93 ,5,60,58.6,24,88.4,100,94.7,62.2,red
92,  78 ,5,67.2,52.6,57.4,51.2,89.6,71.8,62.1,red
  93 ,81,5,62.4,66,70.8,51.9,28.6,87,62.0,red
  93 ,101,5,67.1,83.8,49.9,41.7,84.6,81.6,62.0,red
95,  93 ,5,77.7,70.4,26.8,77.8,14.1,40.3,61.9,red
96,  102 ,5,53.1,53.4,65.5,62.4,95.3,89.4,61.6,red
97,92,5,43.2,47.7,69,77,99,99.9,61.4,red
98,97,4,53.7,35.9,74.2,98.4,15.9,5.9,60.8,red
99,104,4,29.7,51.2,82.1,94.9,97.7,47.5,59.8,red
  100 ,105,5,65.7,60.7,35.2,58.3,97.5,69.2,59.5,red
  100 ,108,5,55,81.8,88.3,43.5,21.1,34,59.5,red
  100 ,118,5,71.4,40.4,33.8,73.5,56.7,49.5,59.5,red
  100 ,100,5,43.4,18.7,99.8,67.2,74.1,60.1,59.5,red
  104 ,  98 ,5,45.5,69.5,60.5,75.2,95.1,42.6,59.3,red
  104 ,88,5,58.8,55.6,39.9,63.1,98.7,91.2,59.3,red
106,  95 ,2,58,39.3,65.2,49.2,99.6,78.6,59.1,red
107,106,5,59.8,81.6,86.1,33.4,17.2,38,58.9,red
108,  98 ,5,48,27.8,56.9,75,100,98.6,58.4,red
109,  90 ,5,56.9,45.7,60.7,48.5,93.4,81.3,58.1,red
110,  102 ,5,61.7,46.9,74.8,51,56.7,8.2,57.9,red
111,  116 ,5,60.9,45.7,95.8,35.4,17.8,21,57.3,red
112,  116 ,5,27.8,30.4,99.9,69.6,99.3,79.4,57.1,red
113,  122 ,5,89.3,87.1,50.8,4,20.4,3.9,56.8,red
114,  109 ,5,56.8,46.7,31.1,65.2,97,99,56.6,red
115,132,5,57,51.4,40.4,66.9,45.5,87.1,56.2,red
116,107,4,46,92.4,38.3,71,61.6,63.3,55.9,red
117,112,5,63.3,37.1,47.3,58.9,62.2,45.3,55.8,red
118,121,4,87.2,80.4,28.2,30.7,9.6,4.3,55.5,red
119,127,5,50,42.4,48.2,57.5,97.2,99.5,55.4,red
120,113,5,47.7,30.3,62.7,53.6,93.6,99.4,55.2,red
121,120,5,86.9,57.8,13.6,33.9,60.7,36.9,55.1,red
  122 ,  109 ,5,65.1,29.1,33.6,65.4,78.5,43.3,55.0,red
  122 ,  114 ,5,58.5,41.2,26.2,87.8,75.3,16.3,55.0,red
124,  109 ,5,59.8,37.7,46.4,69.3,46.1,25.1,54.5,red
125,124,5,37.3,18.1,95.8,60.6,38.4,86.6,54.4,red
  126 ,128,5,54.8,56.6,89.8,32.4,17.7,21.5,54.1,red
  126 ,129,5,54.8,29.1,52.5,78,30.6,29,54.1,red
  128 ,133,5,28.8,67.3,69.4,69,94,56.1,53.6,red
  128 ,  122 ,5,55.5,54.6,87.2,33.3,19.5,14.6,53.6,red
130,  125 ,4,78.4,49.1,6.8,49.6,64,50.5,53.4,red
131,  135 ,4,38.8,32.8,51.6,70.4,95.4,98.1,53.0,red
  132 ,  137 ,5,83,93.4,32.6,12.1,20,5.1,52.9,red
  132 ,134,5,64.6,16.7,13,95.5,50.6,20.8,52.9,red
134,  135 ,4,42.9,44.2,57.9,55.6,92,68.2,52.4,red
135,  142 ,5,49.2,26.1,69.9,47.8,82.6,36.5,51.9,red
136,  142 ,5,44.5,20.5,98.7,47.5,29.5,22.6,51.8,red
137,177,1,17.4,100,87.7,43.1,74.3,90.6,51.5,red
138,  125 ,5,48.9,33,83.2,37.3,62.8,20.3,51.3,red
139,167,5,28.8,34.6,54.7,88.1,100,48.3,51.1,red
140,  137 ,1,36.4,48.2,56.6,68.6,85.4,39.4,50.8,red
  141 ,119,4,49.6,48.6,51.5,50.7,85,23.7,50.7,red
  141 ,  149 ,5,61.4,54.8,19.3,56.3,65,42.7,50.7,red
  141 ,  161 ,4,38.8,62.2,62.2,39.1,93,79.1,50.7,red
144,141,5,56.4,97.7,21.8,42.1,39.2,64.9,50.4,red
145,  137 ,5,47.5,44.7,56.3,39.3,72,79.8,50.3,red
146,140,5,39.5,44.1,81,32.9,97.8,42,50.1,red
147,144,5,52.3,80.2,45.6,34.8,35.2,60.3,49.9,blue
148,  147 ,5,27.2,12.3,99.6,62,52.7,47.4,49.6,blue
  149 ,130,5,52.9,54.6,41.6,31.1,95.8,68,49.5,blue
  149 ,146,5,33.4,20.9,82.3,44.2,99.5,72.7,49.5,blue
  151 ,155,4,43.5,67.8,78.6,30.6,27.6,37.3,49.4,blue
  151 ,  173 ,5,40,37.6,72.3,31.3,81.1,94.6,49.4,blue
153,157,5,37.5,11.7,99.3,40.8,71,26.3,49.2,blue
  154 ,145,5,40.1,31.9,81.8,46.8,67.1,13.8,49.1,blue
  154 ,  158 ,4,36.5,65.1,36.4,58.8,92.9,83.3,49.1,blue
  156 ,170,5,57.1,85.9,7.5,55.8,45.8,44.3,48.7,blue
  156 ,163,5,66.9,25.6,27.3,61.8,8.1,21.5,48.7,blue
158,160,4,35.5,71.6,28.3,59.9,97.4,91.2,48.6,blue
159,187,4,63.2,69,47.8,23.7,11.6,25.7,48.5,blue
  160 ,  149 ,5,29.9,23.4,31.6,92,100,84.7,48.4,blue
  160 ,176,3,41.3,83.5,11.7,57,98.8,94.4,48.4,blue
162,  179 ,4,52.5,72.9,43.3,54.1,4.4,1.8,48.2,blue
  163 ,  161 ,4,44.5,47,25.9,88.2,32.5,17.9,48.0,blue
  163 ,152,4,38,70.7,9.2,77.9,79.6,83.9,48.0,blue
165,153,5,48.6,45.6,15.6,67.6,90.8,52.3,47.9,blue
166,156,5,69.9,48.9,34,30.1,6.4,32.7,47.8,blue
167,  192 ,3,14.9,9,94.4,97.1,2.1,46.1,47.7,blue
168,  164 ,5,45.1,28.4,90.5,18,61.5,35.9,47.6,blue
169,  164 ,4,46.1,21.6,13.7,86,52.4,84.6,47.5,blue
170,190,5,35,16.3,55.8,100,1.6,2,47.1,blue
171,  164 ,4,30.8,11,81,59.8,88.1,14.5,46.8,blue
  172 ,172,4,46.8,65.5,21,84,3.1,1.6,46.6,blue
  172 ,  158 ,5,28.6,33.1,48.3,62,97.7,96.5,46.6,blue
  172 ,  179 ,4,21.5,24.9,44.5,90.2,92.4,77.1,46.6,blue
  175 ,  192 ,4,19,7.2,99.6,81.6,11.9,23.3,46.4,blue
  175 ,154,5,60.8,35.7,26.6,17.4,98.4,93.4,46.4,blue
  175 ,151,5,48.6,40.1,21.7,50.9,100,65.6,46.4,blue
178,199,4,33.2,82.3,88.4,3.9,99.6,22.2,46.2,blue
179,  147 ,5,34.1,45.4,43.1,59.3,74.1,71.6,46.1,blue
  180 ,202,5,27.3,37.6,44.3,62.3,99.5,96.9,45.9,blue
  180 ,  188 ,5,72.1,49.6,7.3,46.2,10.5,14.6,45.9,blue
  180 ,178,5,48.2,35.7,71.5,33.1,21.6,17.8,45.9,blue
183,169,5,21.9,34.5,79.5,77,5,37.4,45.8,blue
  184 ,  230 ,3,47.4,33.6,80.9,13.7,44.1,38.4,45.5,blue
  184 ,186,5,24.4,9.3,100,36,60.7,89.3,45.5,blue
  186 ,213,5,20.6,11.3,97.4,53.5,43.2,72.2,45.4,blue
  186 ,171,5,50.1,27,33.9,52.5,59.3,45.9,45.4,blue
188,  182 ,5,24.2,29.4,95.6,29.2,84.1,65.4,45.2,blue
189,  173 ,4,24.4,29.7,93.9,33.6,100,35.9,45.1,blue
190,  182 ,5,37.5,30,69.4,51.5,38.4,15.7,45.0,blue
191,  195 ,5,33.4,72.5,82.4,20.7,35.5,36.4,44.9,blue
192,  173 ,5,38.6,40.1,65.2,49.5,29.5,17,44.8,blue
  193 ,  195 ,4,63,35.9,21,44.1,26.4,28.3,44.7,blue
  193 ,168,5,42.4,49,27.1,46.2,96.2,65.1,44.7,blue
  195 ,  188 ,5,33.6,41.6,38.3,49.1,93.5,91.2,44.4,blue
  195 ,212,5,29.1,20,100,37.6,25.7,36,44.4,blue
197,181,5,50.1,19.7,68.5,23.8,47,27.5,44.3,blue
198,  192 ,5,51.1,77,63.5,9.7,13.4,11.1,44.1,blue
199,  182 ,5,30.3,61.9,6.7,79.6,74.1,91.4,44.0,blue
  200 ,  195 ,5,51.8,20.3,29.5,51.6,78.7,17.5,43.9,blue
  200 ,191,5,45.6,47.7,31,43.8,72.1,44.8,43.9,blue
202,229,3,41,33.2,67.3,19.7,55.9,74.4,43.8,blue
203,  195 ,5,59.1,48,14.1,51.8,20.3,14.5,43.5,blue
  204 ,204,4,29.4,13.4,50.2,79.5,55.3,28.4,43.3,blue
  204 ,  182 ,4,65.6,45.2,27,31,11.1,5.1,43.3,blue
206,233,5,65.6,73,24.8,14.9,3.4,29.5,43.2,blue
207,  264 ,3,45.9,40.9,64.3,19.6,36,37.5,43.0,blue
  208 ,  207 ,5,26.7,37.1,52.3,68,38.5,43,42.6,blue
  208 ,201,5,68.8,84.1,14.4,13.6,11.4,8.3,42.6,blue
  208 ,203,5,56.1,86,33.1,8.2,30.2,34.5,42.6,blue
211,200,3,21.8,22.7,28.8,78.9,97.5,100,42.5,blue
  212 ,209,5,41.6,27,12.2,70.6,64.5,61.6,42.3,blue
  212 ,216,5,30.3,30.8,58.6,55.6,61.9,20.8,42.3,blue
  214 ,  207 ,5,46.4,28.9,48.2,38.8,22.7,37.7,42.0,blue
  214 ,  224 ,4,31.2,26.2,34.6,54,99.8,82.3,42.0,blue
  214 ,  210 ,5,29.7,63.5,10.1,70.1,99.6,51.9,42.0,blue
217,215,5,69.9,36.1,5.6,41.2,5.2,9.5,41.8,blue
  218 ,234,4,28.8,63.4,33,44.5,81.7,76.1,41.4,blue
  218 ,232,3,28.3,37.2,22.3,63.2,95.9,86.9,41.4,blue
220,  236 ,4,33.4,48.9,99.3,1.2,34.4,23,41.3,blue
  221 ,220,5,25,42.5,90,4.3,56.3,99,41.0,blue
  221 ,219,5,43.6,30.2,14.8,47.6,99.4,59.5,41.0,blue
  223 ,223,4,44.8,22.9,60.5,27,36.3,25.2,40.9,blue
  223 ,  210 ,3,22.6,22.7,94.8,25.5,65.4,42.7,40.9,blue
  223 ,238,4,23.6,22.8,49.9,50.7,88,91.2,40.9,blue
226,227,5,35.1,38.7,69.7,27.3,21.5,46.4,40.8,blue
227,228,4,29,12.6,29.7,60.4,96.9,98,40.7,blue
228,253,3,30.1,35.6,85.3,17.1,27.8,58.8,40.5,blue
229,217,4,33.4,39.6,35.6,42.2,85.7,61.6,40.4,blue
230,  205 ,4,34.3,33.5,9.3,95.9,35.3,6.7,40.3,blue
  231 ,  267 ,4,24.9,25.1,71.3,25.3,99.1,63.9,40.0,blue
  231 ,214,5,35.6,35.5,16.4,52.7,99.5,66.9,40.0,blue
  231 ,218,5,38.6,22.3,44.1,52.7,41.9,14.9,40.0,blue
234,222,4,37.8,39.3,44.2,45.2,17,29.4,39.4,blue
235,  240 ,5,35.3,31.3,95.2,4.8,6,31.8,39.2,blue
236,  259 ,5,19.3,16.1,29.2,69.9,98.1,97.9,39.1,blue
  237 ,235,5,21.1,59.6,67.3,14.3,96.2,67.8,39.0,blue
  237 ,  243 ,5,19.8,14.2,79.7,48.4,37.6,41.4,39.0,blue
  239 ,  224 ,5,33.7,65,10.4,58.5,76.2,23.7,38.9,blue
  239 ,  205 ,5,31.3,61.1,14.4,43,81.6,91.7,38.9,blue
  239 ,242,5,29,16.5,81.9,23.4,45.6,43.8,38.9,blue
  242 ,  270 ,4,33,81.7,45,21.5,20.9,60.1,38.8,blue
  242 ,252,4,21.1,16.9,76.6,54.1,7.9,41.2,38.8,blue
  244 ,  250 ,4,28.6,34.7,90.5,13.7,6,51.2,38.7,blue
  244 ,  247 ,3,39.9,52.7,12.3,39.3,98.5,42.3,38.7,blue
246,  230 ,5,40.1,22.5,20,72.2,14.7,18.2,38.5,blue
247,  224 ,5,31.5,31.6,24.4,70.6,61.5,9.9,38.4,blue
248,  264 ,4,23.7,29.4,28.8,52,95.9,97.2,38.3,blue
249,  296 ,5,52.2,35.9,14,50,9.5,6.4,38.2,blue
  250 ,262,3,30,44.1,24.7,42.8,100,59.2,38.0,blue
  250 ,  240 ,4,30.2,42.6,19.6,41.7,94.7,91.5,38.0,blue
  250 ,  247 ,3,33.9,65.2,14.1,27.4,100,89.8,38.0,blue
  253 ,  272 ,5,20.5,79.1,7.5,73.6,50.4,59.5,37.9,blue
  253 ,281,3,34.4,59.4,68,9.2,38.7,14.9,37.9,blue
255,239,5,46.6,22.2,45,24,30.5,27.6,37.7,blue
256,221,4,25.1,27.6,81.5,15.2,96.2,11.8,37.6,blue
  257 ,  264 ,3,23.4,23.5,76.3,39.8,17.2,31.7,37.5,blue
  257 ,282,5,37.4,54.5,25.5,42.1,56.2,12.5,37.5,blue
259,249,5,44.8,16.1,19.2,59.8,21,15.7,37.3,blue
  260 ,  243 ,5,20.5,26.2,76.2,17.3,90.8,59.1,37.1,blue
  260 ,  259 ,5,26.7,59.9,14.3,62.6,36.7,62.8,37.1,blue
  260 ,  250 ,3,34.9,18,69.3,23.8,18.2,33.7,37.1,blue
263,  270 ,5,10,64.2,86.5,14.3,27.1,100,37.0,blue
  264 ,  264 ,4,35.2,45.9,29.8,58.7,3.3,1.6,36.7,blue
  264 ,  256 ,4,23.8,36.9,84.6,19.5,15.6,35.4,36.7,blue
  264 ,  245 ,4,22.7,22.9,6.2,73,95.4,91.8,36.7,blue
  264 ,  279 ,3,23.8,21.4,32.6,49.2,100,72.6,36.7,blue
268,  277 ,4,25.5,55.7,27.5,33.1,93.2,79.6,36.6,blue
  269 ,274,4,20.2,14,44.4,47.3,84.5,84.4,36.4,blue
  269 ,  283 ,5,34.6,12.5,56.3,32.1,42.5,27.4,36.4,blue
271,  245 ,5,58.6,44.9,28.1,8.7,15.7,3.3,36.3,blue
  272 ,  256 ,4,51.6,78.5,22.2,7.1,30.6,3,36.1,blue
  272 ,  267 ,4,18.4,10.6,73.2,26.7,89.1,63.6,36.1,blue
274,292,4,18.3,19.2,16.9,71.7,97.6,80.4,36.0,blue
  275 ,  254 ,5,58.9,82.1,12.8,4.5,10.8,1.6,35.9,blue
  275 ,275,3,36,38,55.4,22.7,9.9,29.5,35.9,blue
  277 ,  299 ,2,15.8,14.3,40.5,52,100,89.7,35.8,blue
  277 ,  323 ,5,19.2,21.1,99,3.4,25.6,82.9,35.8,blue
  279 ,  279 ,5,19.1,18.7,24.4,62.1,100,76.9,35.7,blue
  279 ,263,5,32,12.7,35.2,47,64.6,38.3,35.7,blue
  279 ,  254 ,5,48.6,42.8,25.3,20.7,18.2,36.1,35.7,blue
  279 ,286,5,20,29.5,56.8,17.3,98.1,99.2,35.7,blue
  283 ,  293 ,4,32.5,36.7,17.6,75.6,2.1,1.4,35.6,blue
  283 ,  283 ,5,39.4,25.9,40.8,31.8,27.7,25.6,35.6,blue
  285 ,  325 ,4,22.1,9.5,56,65.8,10.2,11.6,35.3,blue
  285 ,276,4,26,31.5,67.4,30.1,35.8,7.5,35.3,blue
287,313,5,18.6,11.1,26,58.9,97,93.6,35.2,blue
288,  296 ,5,27.5,15.3,44.4,18.1,100,100,35.1,blue
  289 ,  236 ,5,52.2,10.3,14.6,36.7,25.4,29.8,35.0,blue
  289 ,  289 ,5,26.3,31.3,8.8,62.5,86.4,54.3,35.0,blue
291,  316 ,5,29.6,14.3,25.9,52.2,91.8,27.1,34.9,blue
  292 ,  256 ,5,37.8,14.8,35.3,48.3,15.6,12.8,34.8,blue
  292 ,329,3,14.5,12.6,99.9,34.8,7.2,7.5,34.8,blue
  292 ,  277 ,5,36.1,51.3,49.1,1.8,93.9,5.5,34.8,blue
  295 ,  308 ,4,26.5,44.3,18.3,76.8,9.9,1,34.7,blue
  295 ,  319 ,4,35.4,44.4,41.8,30.9,19.1,9.3,34.7,blue
  295 ,  305 ,5,42.2,5,19.1,43.9,33.9,59.4,34.7,blue
298,  296 ,3,32.8,31.1,21.5,45,73,26.2,34.6,blue
  299 ,291,5,19.7,55.2,100,1.2,3.4,11.7,34.5,blue
  299 ,  287 ,5,23.3,22.2,4,96.3,29.4,26.8,34.5,blue
  299 ,269,5,55.8,53.1,5.1,3.8,24.6,75.6,34.5,blue
  302 ,312,4,15.1,40.8,34.7,37.4,98.5,96.8,34.4,blue
  302 ,  287 ,3,19.9,28.9,56.1,41.8,58.5,19.1,34.4,blue
  302 ,  341 ,5,19.8,5.4,62.9,45.5,63.6,20.7,34.4,blue
305,330,5,15.4,10.6,93.7,27.1,21.2,35.7,34.3,blue
  306 ,  308 ,5,15.4,7.8,25.1,62,96.9,98.6,34.2,blue
  306 ,  331 ,5,36.9,44.7,40.1,15.9,43,30.4,34.2,blue
308,  289 ,4,26.3,11.8,78,10.9,16.6,73.4,34.1,blue
309,  293 ,3,28.1,43.6,7.9,42,97.2,68.7,34.0,blue
  310 ,  373 ,4,24.1,25,83.1,14.6,6.5,32,33.7,blue
  310 ,  325 ,5,3.3,2.9,97.5,59.3,,13.3,33.7,blue
312,  355 ,4,14.1,29.2,99,8.7,28.1,40,33.6,blue
  313 ,318,5,20.1,11,11.1,73.2,87.7,59.1,33.4,blue
  313 ,  344 ,5,24,25.1,47.7,47,36.3,9.7,33.4,blue
  315 ,  339 ,3,9.7,4,39.8,100,9.9,9,33.3,blue
  315 ,460,2,6.4,7.4,82.7,27.7,100,56.9,33.3,blue
  317 ,  314 ,5,38.2,36.2,43.1,11.4,19,47.8,33.2,blue
  317 ,  319 ,5,7.8,8.7,58.5,39.7,92.2,97.6,33.2,blue
  319 ,  299 ,5,20.7,18.2,85.8,15.5,10.6,43.1,33.1,blue
  319 ,  357 ,4,15.1,18.4,9.3,79.6,93.5,52.9,33.1,blue
  321 ,322,4,24.5,11.8,84.1,17,12.7,16.7,32.8,blue
  321 ,  314 ,5,20.4,21.6,82.7,18.9,22.4,20,32.8,blue
  323 ,304,5,42.7,31.2,26.2,19.7,41.6,22.1,32.7,blue
  323 ,  349 ,3,10,3.7,94.8,4.8,100,65.7,32.7,blue
325,  325 ,4,45.2,24.8,9.8,45.1,11.5,6.2,32.5,blue
  326 ,  346 ,5,18.8,22.2,29.1,39.4,78.5,97.4,32.3,blue
  326 ,  341 ,5,18.5,7.1,92.7,20.8,,28.2,32.3,blue
328,  301 ,5,36.9,25.5,17.1,52.9,6.2,9.5,32.2,blue
  329 ,  325 ,3,24,24.4,14.9,47,98.3,54.4,32.1,blue
  329 ,  373 ,4,9.9,20,96.1,5.1,44.1,72.6,32.1,blue
  329 ,  308 ,5,34.1,33.2,45.4,20.4,28,10.5,32.1,blue
  332 ,  346 ,4,11.9,16.8,21,56.9,98.9,98.5,32.0,blue
  332 ,  316 ,4,27.3,28.9,18.7,24.9,98.8,89.1,32.0,blue
  332 ,  349 ,3,13.9,19.3,61.9,10.5,100,99.5,32.0,blue
  332 ,  357 ,4,7.4,9.9,76,44.7,45.8,31.4,32.0,blue
  336 ,  301 ,4,20.1,15.1,10.9,91.3,26.2,10.7,31.9,blue
  336 ,  357 ,4,17.2,5.7,87.2,21.7,43.6,7.3,31.9,blue
  338 ,  344 ,4,24.1,8.1,33.9,61.8,31.1,8.8,31.7,blue
  338 ,338,4,18.6,7.4,81.1,24.4,31.9,15.1,31.7,blue
  338 ,  388 ,5,18.5,67.4,11.5,56.3,44.5,33.3,31.7,blue
  338 ,  283 ,5,25.7,25.5,28.7,30,95,46.4,31.7,blue
  338 ,  367 ,5,31.4,32.3,28.1,40,22.6,22.4,31.7,blue
  343 ,379,3,17,34.4,43.9,33.5,75.7,39.7,31.6,blue
  343 ,  382 ,3,19.4,28.8,96.6,1.7,10.3,14.5,31.6,blue
  345 ,  352 ,5,28.2,24.9,31.5,34.3,40.5,50.1,31.5,blue
  345 ,  364 ,5,11.9,12.4,32.2,73,40.3,47.7,31.5,blue
  345 ,  391 ,5,16.4,6.9,66.8,43.7,26.8,14.1,31.5,blue
348,303,5,47.1,9.3,11.6,23.6,41,46.5,31.3,blue
349,  382 ,4,22.1,7.2,39.8,39.6,30.5,82.4,31.2,blue
350,390,3,17.2,22.7,57.6,11,100,62.9,31.1,blue
351,343,5,15.4,24.8,13.4,49.2,95.3,99.8,31.0,blue
  352 ,351,4,26.1,31.6,66.1,15.3,10.7,8.9,30.9,blue
  352 ,  367 ,4,12.5,6,100,21.6,3.5,14.4,30.9,blue
354,  334 ,4,16.4,30.8,95.3,1.7,9,24.4,30.8,blue
  355 ,  373 ,4,10.1,31.9,99.6,1,13.1,52.1,30.7,blue
  355 ,  347 ,4,20.3,13.8,19.9,35.9,99.9,99.7,30.7,blue
  355 ,  373 ,4,19.1,15,32.2,28.8,97.7,88.4,30.7,blue
  355 ,  305 ,5,37.7,27.6,15.1,38.2,9,33.6,30.7,blue
  359 ,  331 ,4,36.2,41.7,43.9,3.2,42.1,2.6,30.4,blue
  359 ,  346 ,4,16.3,10.1,7.1,70.5,91.3,54.9,30.4,blue
361,311,4,53,18.9,22.5,10.4,7.1,3,30.3,blue
362,  398 ,4,9.7,13.2,93.6,18.7,28.5,20,30.2,blue
  363 ,  259 ,5,27,28.1,32.6,28.4,68.1,15.6,30.1,blue
  363 ,  361 ,3,27.8,59.3,14.8,15.1,60.5,79.3,30.1,blue
  363 ,550,5,11.4,15.3,73.3,16.9,65.9,52.1,30.1,blue
366,380,3,9,17.9,76.1,32.6,38.7,17.6,30.0,blue
  367 ,  331 ,3,17.3,41.4,88,1.8,5.7,9.8,29.9,blue
  367 ,  386 ,5,16.6,12.2,82.2,19.3,18.4,15.7,29.9,blue
  369 ,  367 ,3,13.5,9.9,15.6,54.9,93.1,90,29.7,blue
  369 ,  364 ,4,16.2,44.7,86.9,1.2,,20.6,29.7,blue
  369 ,  367 ,4,13.3,2.9,91.9,9.2,59.9,15.5,29.7,blue
372,410,4,22.8,21,5.1,68.4,38.5,33,29.6,blue
  373 ,  386 ,5,9.2,20.1,89.1,3.3,20.5,81.7,29.4,blue
  373 ,430,5,16.7,7.4,23.1,60.5,69.5,33.3,29.4,blue
375,372,5,9.9,73.5,7.7,33.4,100,94.6,29.3,blue
  376 ,420,2,16.8,43.1,25.6,14.7,100,100,29.2,blue
  376 ,  339 ,5,23.4,29.4,31.6,29.1,73.1,20.7,29.2,blue
  376 ,420,4,16.1,14.1,61.3,34.2,33.4,9.5,29.2,blue
  376 ,384,4,18.2,18.2,42.4,29.7,75.9,36.2,29.2,blue
380,  334 ,4,35.1,23.3,49.6,8.5,15.1,5.5,29.1,blue
  381 ,  373 ,4,11.1,48.5,12.1,44.3,95.5,70.9,29.0,blue
  381 ,440,5,13.5,21.6,16.8,89.5,,2.6,29.0,blue
  381 ,  364 ,5,25.1,38.1,14.4,35.9,87.1,12.7,29.0,blue
  384 ,337,4,8.9,27.9,91.1,1.1,7.2,71.3,28.8,blue
  384 ,  323 ,4,18.2,22.8,16.8,61.4,60.6,10,28.8,blue
  384 ,  367 ,5,30.9,49.6,54.3,2.1,1.9,1.5,28.8,blue
  387 ,397,4,12.6,22.1,84,2.1,42.9,40.8,28.7,blue
  387 ,307,5,29.4,53.3,5.7,43.3,2.7,32.2,28.7,blue
  387 ,430,3,12.6,23.3,17.4,42.5,98.7,87.6,28.7,blue
  387 ,420,5,6.5,6.8,100,19.6,7.9,19.7,28.7,blue
  391 ,410,4,37.4,36,38.5,1.5,36.5,2.6,28.6,blue
  391 ,  319 ,5,17.7,27.3,21.8,48.2,33,61.8,28.6,blue
  391 ,410,5,28.5,19.5,23.9,32.1,68.4,12,28.6,blue
  394 ,336,2,13.2,21.4,96.1,1.4,24.5,5,28.5,blue
  394 ,420,5,36.8,35,38.4,6.9,9.1,13.4,28.5,blue
396,  398 ,5,21.2,8.2,23.5,25.8,84.7,95.8,28.3,blue
  397 ,1000,5,13.3,21,80.3,10.4,20.4,30.6,28.2,blue
  397 ,360,4,18.5,27.9,8.6,32.8,98.5,95.3,28.2,blue
  397 ,1000,2,5.8,7.3,91.9,33.2,,1.1,28.2,blue
  397 ,385,4,23.1,10.4,43.3,23.1,60.7,31.1,28.2,blue
  397 ,394,5,8.3,6.8,100,15.8,5.4,13,28.2,blue
  402 ,378,5,21.4,19.1,32.9,29.8,70.9,29.5,28.1,blue
  402 ,  388 ,3,23.4,17.9,30.6,46.9,18.4,8.6,28.1,blue
404,410,5,9.9,14.7,87.8,2.7,17.1,69.9,28.0,blue
  405 ,  361 ,5,25.6,28.9,5.1,50.4,57.9,13.2,27.9,blue
  405 ,  361 ,3,27.7,31.1,30.1,22.9,26.1,35,27.9,blue
  407 ,  352 ,3,16.8,13.4,20.3,52.7,72.6,26.5,27.7,blue
  407 ,  398 ,5,20.3,16,53.8,20.4,38,23.2,27.7,blue
  407 ,410,5,9.3,37.5,95.6,1.1,14.7,1.6,27.7,blue
  407 ,410,5,29.3,14.6,22.9,33.1,11.3,53,27.7,blue
411,470,5,30.7,27.5,52.6,6.2,4.8,10.4,27.6,blue
  412 ,460,5,10.6,5.6,83.6,18.6,20.7,23.1,27.5,blue
  412 ,470,5,22.2,15.9,69.1,12.7,4.3,6.7,27.5,blue
  412 ,500,4,14.7,14.7,88.5,1.9,14.3,25.7,27.5,blue
  415 ,480,4,19.8,21.9,17.9,62.7,13.1,7.9,27.4,blue
  415 ,  391 ,4,22.2,15.4,34.8,38.8,21.6,21.5,27.4,blue
  417 ,440,3,15.9,41.9,73.9,7.8,3.5,4,27.3,blue
  417 ,410,4,11.1,12.2,24,50.6,75.5,57.3,27.3,blue
419,460,5,13.2,18.7,22.8,74.1,6.2,5,27.2,blue
  420 ,  395 ,4,22.2,28.5,47.2,5.3,91.4,4.9,27.1,blue
  420 ,440,3,9.5,9.8,76.8,1.1,37.5,95.9,27.1,blue
  422 ,  391 ,3,14.7,30.7,42.9,15.7,70.6,53.8,27.0,blue
  422 ,430,2,25.9,8.7,51.6,16,38.2,4.5,27.0,blue
  422 ,430,5,39,20.6,11.1,32,8,5.8,27.0,blue
  422 ,381,5,22.2,27.1,11.8,50.8,13.1,43.1,27.0,blue
  426 ,  395 ,5,18,8,22.6,41.5,19.2,100,26.9,blue
  426 ,450,4,24.4,14.2,16.4,50.1,37.3,9.1,26.9,blue
  426 ,430,3,15.9,13.4,9.1,60.4,28.8,75.7,26.9,blue
  429 ,420,4,12.1,20.6,31.8,41.7,20.2,82.8,26.8,blue
  429 ,490,3,4.1,5.1,72.5,47,4.9,9.5,26.8,blue
431,430,5,24.7,18.1,22.4,32.9,66.2,11.9,26.7,blue
  432 ,490,5,10.7,6.6,33.8,45,66.5,48.3,26.5,blue
  432 ,480,5,10.1,11,85.2,8.3,16.1,35.6,26.5,blue
  432 ,480,4,11.3,16.5,13.4,86.7,1.9,1.9,26.5,blue
  435 ,450,5,8.3,7.7,14.5,65.7,57.2,67.1,26.4,blue
  435 ,450,4,18.9,40.1,51.2,15.5,13.6,15.4,26.4,blue
  435 ,440,4,12.2,14.8,34.2,30.6,74.8,65.4,26.4,blue
  435 ,430,5,22.7,8.5,36.2,38.4,9.7,20.4,26.4,blue
  439 ,450,5,17.2,9.3,77.1,2.8,6.9,39,26.2,blue
  439 ,430,5,12.8,9.9,12.4,71.6,39.7,24.9,26.2,blue
  439 ,470,5,10.5,4.9,76.9,20.2,19.7,20.5,26.2,blue
442,1000,3,6.8,9.3,77.9,4.3,98.8,20,26.1,blue
  443 ,440,3,3,9.9,51.4,18.2,98.8,97.7,26.0,blue
  443 ,480,5,17.2,6.2,26.2,62,10.3,5.5,26.0,blue
  443 ,550,3,10.9,6.2,21.2,34.6,100,96.7,26.0,blue
  446 ,410,5,19.4,41.1,8.9,59.9,,4.7,25.9,blue
  446 ,550,4,10.1,16.1,75.7,1.3,5.6,90.3,25.9,blue
  448 ,480,2,6.2,3.6,81.9,1.5,100,23.9,25.8,blue
  448 ,440,3,16.3,34.7,47,18.8,44.2,6.7,25.8,blue
  450 ,490,5,18.8,22,40,28.2,34.5,10,25.7,blue
  450 ,450,5,17.5,6.5,31.1,36.9,62.5,25.4,25.7,blue
  450 ,460,3,9.5,13,65.4,11,100,4.8,25.7,blue
  453 ,440,5,17.6,7.5,56.1,25.2,17.3,12.3,25.6,blue
  453 ,420,5,34.7,8,15.3,25,25.6,29.3,25.6,blue
  453 ,490,4,11.4,5.1,19,76.5,13,13.7,25.6,blue
  456 ,430,3,20.5,38.8,21.4,24.8,66.4,15.8,25.5,blue
  456 ,430,5,21.5,63.9,34.6,4.4,25.2,26.8,25.5,blue
  456 ,480,4,11,29,40.2,27.3,71.5,21.5,25.5,blue
  456 ,550,5,4.9,2.5,96.9,17.4,3.9,4.1,25.5,blue
460,550,5,6.3,3.5,99.6,11,5.2,2.6,25.4,blue
  461 ,550,5,5,2.7,36,54.7,17.9,79.5,25.3,blue
  461 ,550,4,10.4,6.9,37.1,32.9,63.7,63.9,25.3,blue
  461 ,460,5,10.7,10.1,32,34.5,75.4,56.5,25.3,blue
  464 ,450,2,17.5,25.4,17.5,10.6,99.6,99.9,25.2,blue
  464 ,460,4,21.2,7.6,32,44.1,6,8.1,25.2,blue
  464 ,550,5,13,5.6,77.3,15.5,9.3,6.3,25.2,blue
  464 ,440,3,14.4,38.2,6.8,28.1,83.3,87.8,25.2,blue
  464 ,420,4,11.9,24.8,87.3,1.2,1.6,2.1,25.2,blue
  464 ,550,4,12.4,6.5,84.6,11,7,2,25.2,blue
  470 ,500,3,28.7,51.9,21.4,11.6,3.3,32.6,25.1,blue
  470 ,550,5,16.8,13,60.1,6.6,15.6,57.4,25.1,blue
  472 ,440,5,25.8,31.1,12.4,40.3,12.2,6.5,25.0,blue
  472 ,550,2,13,14.1,26.4,64.6,1.8,1.6,25.0,blue
  472 ,490,5,28.9,17.4,5.8,51.8,3.1,,25.0,blue
475,500,4,18,12,52.3,23.3,20.6,3.3,24.8,blue
  476 ,550,4,8.9,17.9,75.1,5.2,8.7,54.9,24.7,blue
  476 ,440,4,24,5.6,28.8,40.4,8.4,5,24.7,blue
  478 ,600,4,13.7,10.2,13.4,39.6,74.2,74.8,24.6,blue
  478 ,460,4,9.5,35.6,47.7,8.1,34.7,86.1,24.6,blue
480,550,4,8,8.5,92.6,1,21,12.6,24.5,blue
  481 ,500,4,7.4,8.6,87.7,1.1,37.4,16.8,24.4,blue
  481 ,1000,3,6.5,31,58.6,3,50.3,75.4,24.4,blue
  481 ,600,3,13.4,19.7,47.1,11.3,25.9,80.9,24.4,blue
  481 ,460,3,15.4,7.2,42.9,35.4,26.3,10.4,24.4,blue
  481 ,410,5,12.5,8.2,70.7,1.8,1.5,79.4,24.4,blue
  481 ,450,4,21.5,33.7,14.4,21,34.8,70.8,24.4,blue
487,490,4,34,48.5,11,15.4,6.4,2,24.2,blue
488,410,5,16.9,31.8,60.2,6.1,11.7,6,24.1,blue
  489 ,480,5,20.8,11.4,18.8,39.9,32.5,21.9,24.0,blue
  489 ,550,5,33.6,5.2,22.7,7.8,43.3,34.4,24.0,blue
  491 ,600,4,16.1,8.7,29.1,48.9,10.6,7,23.9,blue
  491 ,500,3,28.8,15.3,38.2,12.9,6.8,5.1,23.9,blue
  491 ,490,4,23.2,50.2,17.7,18.9,21.1,24.1,23.9,blue
494,470,5,15.6,11.3,10.4,67.3,9.9,6.2,23.8,blue
  495 ,550,5,34.9,14,12.8,21.4,5.1,23.7,23.7,blue
  495 ,550,5,8.2,11.2,7.8,74.4,24.3,31.5,23.7,blue
  495 ,550,5,10.7,13,61,17.6,37.1,10.6,23.7,blue
  498 ,550,4,4.9,9.8,8.6,92.7,4.2,2.5,23.6,blue
  498 ,600,3,15.9,26.4,9.9,25.9,100,47.8,23.6,blue
  500 ,450,2,12.7,29,13.8,21.2,100,69.4,23.5,blue
  500 ,550,5,9.5,26.9,66.4,10.3,,33.1,23.5,blue
  500 ,500,5,7.7,26.9,68.1,2.3,62.2,10.2,23.5,blue
  500 ,600,4,18.2,6,18.9,56.3,5,4.6,23.5,blue
510,550,5,0,0,43,27.9,41.9,48.4,23.4,blue
510,550,4,0,0,36.2,27.2,49.9,44.7,23.4,blue
510,600,5,0,0,88.6,0,0,0,23.4,blue
510,550,5,0,0,37.9,45.2,0,47,23.4,blue
510,600,5,0,0,99.4,0,0,14.9,23.4,blue
510,500,4,19.8,0,42.2,21.1,0,0,23.4,blue
510,470,2,0,23.6,38.6,21.1,39.5,17.1,23.4,blue
510,420,4,27.4,36.4,41.5,0,,0,23.4,blue
510,470,4,32.7,0,0,30,0,0,23.4,blue
510,600,3,0,0,71.9,30.6,0,0,23.4,blue
520,650,5,0,0,74.2,0,17.2,36.9,23.0,blue
520,600,4,0,0,82.5,0,0,0,23.0,blue
520,550,5,0,0,74.9,0,0,0,23.0,blue
520,550,5,0,0,33.9,50.1,0,0,23.0,blue
520,650,5,0,25.8,66.6,0,0,0,23.0,blue
520,460,5,33.1,52.2,0,0,0,0,23.0,blue
520,470,3,29.1,0,0,33,0,17.4,23.0,blue
520,490,3,20.5,0,29.5,23.5,42.9,22.3,23.0,blue
520,550,3,0,21.3,27.2,24,89.7,19.6,23.0,blue
530,490,5,30.8,55,0,0,0,0,22.8,blue
530,490,5,0,0,0,47.3,38.9,0,22.8,blue
530,550,3,0,0,23.7,49.6,41.1,37.6,22.8,blue
530,600,4,0,0,87.8,0,0,0,22.8,blue
530,470,5,32.4,58,0,0,0,0,22.8,blue
530,490,4,26,30.9,35,0,0,0,22.8,blue
530,550,5,23.4,0,44.3,0,0,34,22.8,blue
530,650,2,0,19.7,31.8,16.8,89.9,42.4,22.8,blue
530,550,4,0,0,0,47.4,47.8,34.3,22.8,blue
540,600,5,0,0,44.3,29.5,40.7,21.7,22.5,blue
540,500,5,18.5,43.9,28.2,0,0,44,22.5,blue
540,600,4,0,0,0,70.3,0,0,22.5,blue
540,650,4,0,0,60.9,0,0,97.1,22.5,blue
540,550,4,0,25.8,69.3,0,0,0,22.5,blue
540,600,5,0,0,87.9,0,0,16.8,22.5,blue
540,420,5,18.8,0,60.6,0,0,0,22.5,blue
540,550,2,0,0,71.7,0,14.7,0,22.5,blue
540,600,5,0,18.7,78.1,0,,29.8,22.5,blue
540,550,3,0,0,23.9,60.2,,0,22.5,blue
540,600,5,0,0,70.7,23.3,0,19.5,22.5,blue
550,480,5,19.7,30.8,35.1,0,0,27.2,22.1,blue
550,650,5,0,0,79.8,0,20,42.6,22.1,blue
550,600,5,0,0,69.8,0,0,0,22.1,blue
550,600,5,16.8,0,0,45.2,0,0,22.1,blue
550,600,4,0,0,0,62.1,0,0,22.1,blue
550,600,4,0,0,61.8,0,99.6,18.3,22.1,blue
550,1000,3,0,53.8,0,0,96.5,45.1,22.1,blue
550,550,4,23.6,19.2,0,29.3,48.9,17.4,22.1,blue
550,550,5,0,0,37.8,32.8,0,17,22.1,blue
560,650,4,0,0,72.3,0,0,0,21.8,blue
560,600,5,0,0,0,72,0,14.7,21.8,blue
560,410,5,19.3,0,0,40.9,24.2,29.4,21.8,blue
560,480,4,23.7,56.6,0,21,0,0,21.8,blue
560,440,5,33.1,42,0,0,15.9,0,21.8,blue
560,700,4,0,19.8,0,64,0,0,21.8,blue
560,550,5,16.6,0,0,27,0,60.3,21.8,blue
560,650,2,0,26.6,34,0,73.4,29.7,21.8,blue
560,600,5,0,0,0,42.6,33.7,0,21.8,blue
560,550,5,0,0,0,36.7,80.5,28.9,21.8,blue
570,650,2,0,35.2,24.2,0,100,100,21.4,blue
570,550,4,24.7,23.8,0,33.5,0,20.2,21.4,blue
570,650,3,0,0,76.6,0,0,0,21.4,blue
570,600,4,0,0,63.5,18.8,0,0,21.4,blue
570,480,5,18,22.8,0,17.2,55.8,30.6,21.4,blue
570,470,5,0,0,65.8,0,0,0,21.4,blue
570,650,5,0,0,39,30,29.2,20.4,21.4,blue
570,600,5,29.1,0,0,21.8,0,0,21.4,blue
570,550,5,22.7,40.4,0,17.4,55.3,17,21.4,blue
570,650,5,17.4,0,0,32.8,43.1,0,21.4,blue
580,500,5,18.9,52,0,26.7,19,0,21.0,blue
580,550,4,0,0,57.2,19.6,0,0,21.0,blue
580,600,3,0,39,0,0,73.1,99.8,21.0,blue
580,600,4,0,0,0,62,0,0,21.0,blue
580,600,4,20.5,20.9,0,0,23.4,72.6,21.0,blue
580,1000,2,0,0,70.4,0,37.7,67.1,21.0,blue
580,600,4,0,0,23.8,50.6,0,0,21.0,blue
580,600,5,26.5,0,0,34.9,0,0,21.0,blue
580,550,4,0,0,0,41,36.1,0,21.0,blue
580,450,5,20.4,0,0,35.1,0,19.1,21.0,blue
590,600,5,0,0,44,23.8,0,14.8,20.8,blue
590,1000,3,0,0,67.4,0,99.4,0,20.8,blue
590,600,4,0,30.4,61.1,0,19.1,15.3,20.8,blue
590,700,4,0,0,59.7,0,0,16.3,20.8,blue
590,650,4,0,38.1,59.1,0,0,0,20.8,blue
590,650,5,22.9,0,27.2,22.5,0,0,20.8,blue
590,600,5,21.6,0,0,39,0,15.2,20.8,blue
590,550,5,24.7,0,24.2,19.9,0,21.6,20.8,blue
590,500,4,0,24.2,0,32.9,46.9,0,20.8,blue
590,650,5,0,0,0,35,0,19,20.8,blue
590,600,5,18,0,0,28.1,0,30.8,20.8,blue
590,600,4,0,36,42.4,0,0,29.9,20.8,blue
600,700,3,0,0,85.3,0,0,0,20.4,blue
600,550,3,0,0,0,0,74.6,96.4,20.4,blue
600,600,5,0,0,32.3,37.5,0,35,20.4,blue
600,550,3,0,0,0,29,86.6,37.3,20.4,blue
600,650,5,25.9,0,23.4,0,0,29.3,20.4,blue
600,650,3,0,32,62.8,0,0,0,20.4,blue
600,1000,3,0,0,83.1,0,0,0,20.4,blue
600,650,4,0,0,0,26.4,55.2,84.2,20.4,blue
600,650,4,0,0,0,34.4,65,54,20.4,blue
600,650,3,0,0,28.7,42.9,,0,20.4,blue
600,650,5,16.5,0,31.5,24.6,18.8,0,20.4,blue
600,600,1,0,0,0,61.6,33.2,39.9,20.4,blue
650,1000,3,0,0,82.2,0,0,29.3,20.2,blue
650,600,4,0,0,0,43.6,71.7,0,20.2,blue
650,650,3,0,0,28.7,0,98.4,94.8,20.2,blue
650,550,5,30.4,0,0,0,0,0,20.2,blue
650,700,5,0,0,25.4,55.1,36.6,0,20.2,blue
650,600,4,0,0,0,80.2,,0,20.2,blue
650,650,5,0,0,23.6,40.7,,0,20.2,blue
650,700,4,0,0,75.4,0,0,0,20.2,blue
650,650,4,0,0,32.4,25,56.2,52.1,20.2,blue
650,650,5,0,0,0,66.6,0,0,20.2,blue
650,650,4,0,30.7,25.9,0,97.1,52.2,20.2,blue
650,600,5,0,0,28.8,18.4,100,38.9,20.2,blue
650,750,5,0,0,64.7,0,0,14.8,20.2,blue
650,650,4,19.5,22,26.1,0,18.3,50.8,20.2,blue
650,550,5,0,0,61.9,0,0,0,20.2,blue
650,750,4,0,0,61,20.2,0,0,20.2,blue
650,600,5,0,0,33.4,19.6,26.3,23.7,20.2,blue
650,550,4,28.2,18.7,0,0,20.1,0,20.2,blue
650,700,4,0,0,31.9,0,34.6,22,20.2,blue
650,600,4,18.2,0,23.5,34.7,0,0,20.2,blue
650,750,5,0,0,68.2,0,0,31.7,20.2,blue
650,650,5,0,21.3,32.9,0,35,43.4,20.2,blue
650,1000,1,0,42.1,24.5,0,48.9,63.4,20.2,blue
650,650,4,20.8,24.4,31.2,0,20.9,0,20.2,blue
650,650,5,33.4,0,0,0,0,0,20.2,blue
650,700,3,18.5,0,47.6,0,,0,20.2,blue
650,600,5,29.9,0,0,0,0,0,20.2,blue
650,600,5,31.3,0,0,0,0,0,20.2,blue
650,550,5,29.6,0,0,0,23.5,0,20.2,blue
650,600,3,0,0,0,34.2,41.8,21,20.2,blue
650,650,3,0,0,0,42.4,28.9,51.3,20.2,blue
650,470,3,0,0,0,58.2,,23.8,20.2,blue
650,550,5,23.1,0,0,25.5,0,20.1,20.2,blue
650,550,5,0,0,0,49.7,,44.7,20.2,blue
650,750,3,0,0,36.4,0,39.3,72.4,20.2,blue
650,600,3,0,0,0,29.9,57.8,55.1,20.2,blue
650,700,5,0,0,33.9,0,0,69.3,20.2,blue
650,600,4,20.3,36.9,0,0,29,36.3,20.2,blue
650,600,5,0,0,43.6,0,,37.6,20.2,blue
650,700,2,16.7,0,0,55.4,,0,20.2,blue
650,750,5,0,0,0,27.9,55,34.1,20.2,blue
650,650,3,0,22.2,0,0,77.2,77.4,20.2,blue
650,600,4,0,0,0,32.5,20,0,20.2,blue
650,650,3,0,19.5,0,20.4,98.6,24.6,20.2,blue
650,600,3,0,0,0,0,87.8,99.9,20.2,blue
650,700,5,0,0,51,18.8,17.3,0,20.2,blue
650,650,5,21.8,44.2,0,0,0,0,20.2,blue
650,700,5,0,0,27,35.8,29.7,66.5,20.2,blue
700,700,3,0,0,45.8,24.2,0,0,18.6,blue
700,600,5,17.7,34.9,31.9,0,0,0,18.6,blue
700,650,5,0,36.6,0,0,0,61.4,18.6,blue
700,700,4,0,0,0,48.5,0,18,18.6,blue
700,700,2,0,0,0,28.2,60.5,97.7,18.6,blue
700,600,4,27.6,0,0,0,0,0,18.6,blue
700,750,5,0,0,32.2,32.8,0,0,18.6,blue
700,650,4,0,0,48.2,19.8,0,0,18.6,blue
700,700,4,0,0,63,0,0,0,18.6,blue
700,700,4,0,0,71.5,0,0,0,18.6,blue
700,1000,4,0,0,41.8,0,98.8,38.3,18.6,blue
700,700,4,19.6,41.7,0,0,0,0,18.6,blue
700,700,4,0,45.9,0,0,61.5,0,18.6,blue
700,750,3,0,0,26.6,0,41,67.7,18.6,blue
700,650,5,17,46.7,0,0,0,0,18.6,blue
700,650,3,0,29.5,24,0,0,55.7,18.6,blue
700,1000,4,0,0,59.9,0,21.7,0,18.6,blue
700,700,2,0,23.4,48.9,0,50.1,0,18.6,blue
700,750,4,0,0,33.7,0,0,0,18.6,blue
700,700,5,0,0,0,49.2,0,0,18.6,blue
700,750,4,0,0,24.7,24.6,38.5,48.8,18.6,blue
700,700,5,19.9,26.9,0,26,0,21.9,18.6,blue
700,650,4,0,0,0,30,0,0,18.6,blue
700,750,4,0,0,65.7,0,0,0,18.6,blue
700,1000,4,0,0,55.5,0,0,0,18.6,blue
700,750,5,0,0,33.3,0,28.9,19.9,18.6,blue
700,600,4,0,25.1,27.8,18.6,19.6,19.5,18.6,blue
700,750,5,0,0,45,0,0,39.1,18.6,blue
700,700,5,0,0,0,36.2,39.1,98.8,18.6,blue
700,700,5,0,0,28.2,20.6,0,15.1,18.6,blue
700,700,4,0,0,31.4,22.5,0,0,18.6,blue
700,700,4,23.3,29.5,0,0,0,0,18.6,blue
700,700,3,0,37.1,29.4,0,23.4,29.5,18.6,blue
700,1000,1,28.2,0,0,0,23.8,25.9,18.6,blue
700,650,4,0,0,30.8,19.1,64.5,0,18.6,blue
700,650,4,0,0,0,20.9,66.1,60.3,18.6,blue
700,700,5,0,0,0,43.4,20.5,0,18.6,blue
700,550,4,17.5,0,49.2,0,0,0,18.6,blue
700,700,3,0,0,0,44.8,0,0,18.6,blue
700,750,5,0,0,49.3,20.5,0,0,18.6,blue
700,650,4,0,0,25.7,31.2,,,18.6,blue
700,650,4,0,0,0,38.7,0,19.3,18.6,blue
700,700,4,0,0,39.5,0,0,0,18.6,blue
700,700,3,0,0,0,24.9,25.4,17.6,18.6,blue
700,700,5,0,0,43,0,0,0,18.6,blue
700,750,2,0,19.4,0,0,100,100,18.6,blue
700,700,5,0,0,0,64.1,,48.9,18.6,blue
700,750,5,0,0,40.1,30.6,19.4,0,18.6,blue
700,750,5,0,0,0,31.1,48.4,66.6,18.6,blue
750,800,2,0,0,0,0,100,100,17.1,blue
750,750,4,0,35.8,0,0,23.5,0,17.1,blue
750,800,3,0,0,24.6,0,91.3,66.2,17.1,blue
750,800,4,16.7,0,26.9,0,34.3,0,17.1,blue
750,750,3,0,0,0,0,81.7,51.8,17.1,blue
750,  1000,4,0,0,36,0,0,0,17.1,blue
750,750,5,0,0,0,30.6,0,0,17.1,blue
750,750,5,0,0,66.6,0,0,0,17.1,blue
750,700,5,20.8,0,0,0,0,16.8,17.1,blue
750,800,5,0,0,0,28.3,0,0,17.1,blue
750,800,4,0,0,46.8,19.5,18.9,0,17.1,blue
750,750,4,0,0,0,47.6,0,0,17.1,blue
750,750,3,0,46,0,0,0,0,17.1,blue
750,750,5,0,0,0,18.9,78.7,21.9,17.1,blue
750,700,5,0,0,0,46.2,47,31.4,17.1,blue
750,750,5,0,0,57.3,0,0,0,17.1,blue
750,800,3,0,21.8,0,0,44.1,44.5,17.1,blue
750,  1000,4,0,0,60.4,0,0,0,17.1,blue
750,700,4,0,0,43.3,0,38.1,39.9,17.1,blue
750,650,4,0,31.4,0,0,19.7,16.3,17.1,blue
750,750,4,0,0,0,18.6,62.3,15.7,17.1,blue
750,700,4,0,64.6,0,0,47,0,17.1,blue
750,650,5,27.8,31.1,0,0,0,0,17.1,blue
750,750,3,0,31.6,0,0,64,0,17.1,blue
750,650,4,18.1,44.1,0,0,0,0,17.1,blue
750,700,3,0,0,33.8,0,0,0,17.1,blue
750,800,5,0,0,0,58,0,0,17.1,blue
750,750,5,17.6,0,0,31.1,0,16.7,17.1,blue
750,  1000,5,0,0,0,32.3,0,0,17.1,blue
750,750,4,0,0,0,32.3,0,15.2,17.1,blue
750,700,3,18.4,0,0,0,21.9,0,17.1,blue
750,700,4,0,0,0,32.7,,22.2,17.1,blue
750,  1000,5,0,0,0,51.1,,0,17.1,blue
750,700,5,16.5,0,23.9,0,18.3,18.6,17.1,blue
750,1000,2,0,0,43.8,0,15,15.2,17.1,blue
750,700,5,0,20.6,0,37.8,0,0,17.1,blue
750,800,3,0,0,0,53.5,0,18.2,17.1,blue
750,  1000,3,0,0,0,0,87.1,88.6,17.1,blue
750,  1000,3,0,0,0,0,81.5,96.3,17.1,blue
750,800,3,0,26.9,0,0,52.4,71.2,17.1,blue
750,650,3,0,0,46.1,0,0,0,17.1,blue
750,750,4,0,0,0,38.1,0,0,17.1,blue
750,800,5,0,0,33.4,0,0,52,17.1,blue
750,650,4,17.7,0,0,32.3,0,0,17.1,blue
750,800,5,0,0,39.7,0,0,75.6,17.1,blue
750,1000,2,16.6,0,41.2,0,0,0,17.1,blue
750,800,4,0,0,59.9,0,0,0,17.1,blue
750,800,4,0,0,33.7,0,0,0,17.1,blue
750,1000,2,0,0,30.4,0,100,0,17.1,blue
800,750,4,17,0,26.1,0,0,0,15.3,blue
800,700,3,0,0,0,42.6,,0,15.3,blue
800,700,4,0,0,43.2,0,33,31.5,15.3,blue
800,750,5,0,0,25,19,0,0,15.3,blue
800,750,4,0,0,34.6,17,0,0,15.3,blue
800,750,4,0,0,37.3,0,,18.4,15.3,blue
800,1000,2,0,22.3,36.8,0,0,0,15.3,blue
800,700,3,0,0,0,0,46.6,52.3,15.3,blue
800,800,3,0,0,0,0,64.6,76.8,15.3,blue
800,1000,2,0,0,36.7,0,52,33.1,15.3,blue
800,1000,4,0,0,47.4,0,0,0,15.3,blue
800,800,5,0,0,0,21.5,0,0,15.3,blue
800,1000,4,0,0,58.6,0,0,0,15.3,blue
800,750,4,0,21.2,36.7,0,0,0,15.3,blue
800,  1000,5,0,0,0,35.6,21.7,19.7,15.3,blue
800,750,2,0,0,0,0,59.5,98.9,15.3,blue
800,  1000,3,0,0,0,0,68,95.1,15.3,blue
800,750,4,0,0,52.3,0,0,0,15.3,blue
800,750,3,0,0,0,0,84.3,50.7,15.3,blue
800,800,5,0,0,0,45.4,0,0,15.3,blue
800,1000,5,0,0,50.1,0,0,0,15.3,blue
800,  1000,5,0,0,0,23.8,20.9,67.3,15.3,blue
800,  1000,5,0,0,0,22,33.5,0,15.3,blue
800,800,5,0,0,0,0,,97.3,15.3,blue
800,750,4,20.5,28.1,0,0,0,0,15.3,blue
800,700,5,0,23.9,26.8,0,15.9,28.7,15.3,blue
800,1000,4,0,0,47.1,0,0,0,15.3,blue
800,750,5,0,18.9,24.7,0,34.7,22.8,15.3,blue
800,  1000,3,0,0,48.3,0,0,34.2,15.3,blue
800,750,4,0,0,0,24.8,0,0,15.3,blue
800,800,3,22.4,18,0,0,0,0,15.3,blue
800,700,5,18.8,31.1,0,0,0,0,15.3,blue
800,  1000,5,17.9,0,28.8,0,0,0,15.3,blue
800,  1000,4,0,19.5,31.4,0,47.9,0,15.3,blue
800,  1000,3,0,24.3,32.9,0,0,0,15.3,blue
800,  1000,4,0,19.7,45.5,0,0,0,15.3,blue
800,700,3,0,26.8,0,0,0,20.4,15.3,blue
800,700,4,22.5,0,0,0,0,0,15.3,blue
800,800,4,18.8,0,24.1,0,0,0,15.3,blue
800,750,5,0,23.3,0,21.2,24.3,0,15.3,blue
800,800,5,0,0,0,44.2,0,0,15.3,blue
800,800,4,18.1,26.3,0,0,0,0,15.3,blue
800,750,3,0,0,0,0,61.7,61.9,15.3,blue
800,750,4,0,0,0,25.7,16.1,0,15.3,blue
800,1000,4,0,0,34.2,22.7,25.1,0,15.3,blue
800,800,3,0,0,0,0,59.3,79.1,15.3,blue
800,750,3,0,0,0,20.1,49.2,0,15.3,blue
800,800,5,0,0,26.7,30.3,0,0,15.3,blue
800,800,4,0,0,0,0,31.2,68.6,15.3,blue
800,800,4,0,0,0,21.4,71.5,20.7,15.3,blue
  1000,  1000,4,0,0,23.5,0,0,0,14.2,blue
  1000,  1000,5,0,0,35,0,,0,14.2,blue
  1000,1000,3,0,0,0,0,100,100,14.2,blue
  1000,1000,3,0,0,0,0,90.9,0,14.2,blue
  1000,  1000,3,0,0,0,0,,31.8,14.2,blue
  1000,800,4,0,32.9,0,0,0,0,14.2,blue
  1000,  1000,5,0,0,0,0,0,0,14.2,blue
  1000,  1000,5,0,0,32.8,0,,0,14.2,blue
  1000,800,4,0,0,0,0,90.1,0,14.2,blue
  1000,1000,2,0,0,0,0,0,23.1,14.2,blue
  1000,1000,2,0,0,35.5,0,51.4,0,14.2,blue
  1000,  1000,4,0,0,0,0,0,0,14.2,blue
  1000,  1000,4,0,0,0,0,0,0,14.2,blue
  1000,1000,4,0,0,23.8,0,,0,14.2,blue
  1000,  1000,4,0,32.2,0,17.8,0,0,14.2,blue
  1000,  1000,5,0,0,0,22.1,0,15.7,14.2,blue
  1000,  1000,3,0,0,0,0,34.3,33.6,14.2,blue
  1000,  1000,5,0,0,0,0,0,0,14.2,blue
  1000,  1000,4,0,0,38.4,0,0,0,14.2,blue
  1000,  1000,5,0,0,0,18.8,0,0,14.2,blue
  1000,1000,3,0,32.3,0,0,,0,14.2,blue
  1000,  1000,5,0,0,0,16.9,0,0,14.2,blue
  1000,800,4,0,20.3,39,0,0,0,14.2,blue
  1000,  1000,5,0,0,0,0,0,0,14.2,blue
  1000,  1000,4,0,0,0,25.2,15.3,36.8,14.2,blue
  1000,  1000,5,0,0,0,0,0,0,14.2,blue
  1000,  1000,4,0,0,0,0,15.3,0,14.2,blue
  1000,800,5,0,26.3,0,23.3,0,0,14.2,blue
  1000,800,5,0,20.4,0,0,0,0,14.2,blue
  1000,  1000,2,0,0,0,36.2,0,0,14.2,blue
  1000,  1000,5,0,0,0,0,19.3,67,14.2,blue
  1000,  1000,4,0,0,0,29.7,0,0,14.2,blue
  1000,  1000,5,0,25.9,0,0,,34.1,14.2,blue
  1000,1000,4,0,0,32.8,0,,,14.2,blue
  1000,750,5,0,31.4,0,0,0,0,14.2,blue
  1000,  1000,4,0,0,0,0,0,0,14.2,blue
  1000,  1000,5,0,0,0,0,23.7,0,14.2,blue
  1000,  1000,3,0,0,0,0,41.7,92.5,14.2,blue
  1000,1000,4,0,26,27.1,0,18.1,0,14.2,blue
  1000,  1000,4,0,0,0,0,0,15.8,14.2,blue
  1000,800,4,0,0,0,20.8,21.1,16.4,14.2,blue
  1000,  1000,5,0,0,26.7,0,32.7,35.1,14.2,blue
  1000,  1000,4,0,0,0,0,0,0,14.2,blue
  1000,  1000,4,0,0,0,0,0,0,14.2,blue
  1000,  1000,3,0,0,0,21,0,16.1,14.2,blue
  1000,800,4,0,0,0,0,0,0,14.2,blue
  1000,  1000,5,17,18.6,0,0,0,0,14.2,blue
  1000,800,4,21.9,0,0,0,0,0,14.2,blue
  1000,  1000,4,0,0,48.7,0,0,0,14.2,blue
  1000,  1000,4,0,0,0,0,0,0,14.2,blue
  1000,800,3,0,0,0,0,100,0,14.2,blue
  1000,  1000,4,0,0,0,0,0,0,14.2,blue
  1000,700,4,0,0,0,0,56.4,35,14.2,blue
  1000,1000,4,0,0,29,16.6,0,0,14.2,blue
  1000,  1000,5,0,0,0,25.3,15,0,14.2,blue
  1000,1000,4,0,0,35.6,0,0,0,14.2,blue
  1000,800,5,0,0,31.1,0,0,0,14.2,blue
  1000,  1000,3,0,0,0,0,40.4,37,14.2,blue
  1000,  1000,5,0,0,31.4,0,0,0,14.2,blue
  1000,  1000,5,0,0,0,0,0,0,14.2,blue
  1000,  1000,5,0,0,0,0,0,27.2,14.2,blue
  1000,1000,2,0,0,0,0,24.6,22.7,14.2,blue
  1000,1000,4,0,0,30.8,0,0,0,14.2,blue
  1000,1000,3,0,0,0,20.1,0,0,14.2,blue
  1000,  1000,4,0,0,37.5,0,0,0,14.2,blue
  1000,  1000,2,0,0,0,0,0,0,14.2,blue
  1000,1000,3,0,0,0,0,77.5,16.4,14.2,blue
  1000,  1000,3,0,30.6,0,0,47.8,26.5,14.2,blue
  1000,  1000,4,0,0,0,0,0,44.7,14.2,blue
  1000,  1000,5,0,0,0,0,0,0,14.2,blue
  1000,  1000,5,0,0,0,0,0,0,14.2,blue
  1000,  1000,5,0,19.3,40.6,0,0,18.3,14.2,blue
  1000,  1000,4,0,0,33,0,17.9,0,14.2,blue
  1000,  1000,4,0,0,0,0,0,0,14.2,blue
  1000,1000,4,0,0,0,0,,,14.2,blue
  1000,  1000,4,16.9,0,0,0,0,0,14.2,blue
  1000,750,5,0,0,0,23.9,,51.6,14.2,blue
  1000,1000,4,0,0,0,0,0,78.5,14.2,blue
  1000,  1000,5,0,22.3,0,0,34.6,0,14.2,blue
  1000,  1000,4,0,23,0,32.1,,0,14.2,blue
  1000,  1000,4,0,0,27.5,21.6,15.2,0,14.2,blue
  1000,  1000,5,0,0,0,28.4,0,0,14.2,blue
  1000,  1000,4,0,0,25.8,0,,0,14.2,blue
  1000,  1000,5,0,0,0,0,0,0,14.2,blue
  1000,  1000,4,0,0,0,0,31.3,0,14.2,blue
  1000,  1000,4,0,0,0,21.9,0,0,14.2,blue
  1000,  1000,4,0,0,35.3,18.9,0,0,14.2,blue
  1000,1000,4,0,0,0,35.2,,0,14.2,blue
  1000,1000,2,0,0,0,0,0,0,14.2,blue
  1000,750,5,0,18.3,35.2,0,0,0,14.2,blue
  1000,1000,4,0,0,46.8,0,0,20.7,14.2,blue
  1000,  1000,2,0,0,0,30.7,31.7,59.6,14.2,blue
  1000,1000,2,0,0,0,0,64.1,17.5,14.2,blue
  1000,1000,4,0,,39,0,0,0,14.2,blue
  1000,1000,3,0,20.5,35.4,0,0,0,14.2,blue
  1000,1000,4,0,0,0,18.9,0,0,14.2,blue
  1000,  1000,3,0,0,0,0,53.1,67.6,14.2,blue
  1000,  1000,4,0,0,0,0,0,0,14.2,blue
  1000,  1000,4,0,0,0,0,19.1,0,14.2,blue
  1000,  1000,4,16.6,0,0,0,0,0,14.2,blue
  1000,  1000,5,18.7,0,0,0,0,0,14.2,blue
  1000,700,4,17.8,51.1,0,0,0,0,14.2,blue
  1000,  1000,3,0,0,25.6,0,0,0,14.2,blue
  1000,750,5,0,0,24.4,0,0,0,14.2,blue
  1000,800,3,0,35.8,0,0,0,0,14.2,blue
  1000,  1000,5,0,0,0,0,0,0,14.2,blue
  1000,  1000,3,0,0,0,0,15.8,0,14.2,blue
  1000,  1000,5,0,0,0,0,0,0,14.2,blue
  1000,  1000,5,0,0,0,16.9,,0,14.2,blue
  1000,  1000,5,0,0,0,0,0,0,14.2,blue
  1000,  1000,3,0,0,0,0,25.1,0,14.2,blue
  1000,  1000,3,0,0,0,0,0,0,14.2,blue
  1000,  1000,4,0,0,0,0,0,0,14.2,blue
  1000,  1000,5,0,25.8,0,0,19.1,0,14.2,blue
  1000,  1000,4,19,0,0,0,0,0,14.2,blue
  1000,800,3,0,30.1,0,0,18.2,0,14.2,blue
  1000,1000,4,0,62.5,0,0,,0,14.2,blue
  1000,  1000,4,0,0,0,0,0,0,14.2,blue
  1000,1000,3,0,0,26,0,0,0,14.2,blue
  1000,  1000,3,0,19.1,0,0,15.4,0,14.2,blue
  1000,750,5,22.3,0,0,0,0,0,14.2,blue
  1000,  1000,4,0,0,0,0,0,16.4,14.2,blue
  1000,  1000,3,0,0,37.7,0,,,14.2,blue
  1000,  1000,4,18.4,0,0,0,,,14.2,blue
  1000,1000,4,0,0,0,0,,0,14.2,blue
  1000,  1000,5,18,0,0,0,0,0,14.2,blue
  1000,  1000,4,0,0,0,0,40.3,0,14.2,blue
  1000,  1000,2,0,22.3,0,0,0,16.9,14.2,blue
  1000,800,4,0,21.6,0,0,,0,14.2,blue
  1000,  1000,4,0,33,0,0,20.7,0,14.2,blue
  1000,1000,3,0,28.6,0,0,0,0,14.2,blue
  1000,  1000,4,0,28.9,35.5,0,,,14.2,blue
  1000,  1000,3,0,0,41.1,0,0,0,14.2,blue
  1000,1000,3,0,0,0,22.8,0,0,14.2,blue
  1000,  1000,4,0,0,28.2,0,0,0,14.2,blue
  1000,  1000,3,0,0,44.4,0,0,0,14.2,blue
  1000,  1000,4,0,0,0,0,0,0,14.2,blue
  1000,  1000,4,0,0,0,0,0,0,14.2,blue
  1000,  1000,4,0,0,24.5,0,0,0,14.2,blue
  1000,  1000,4,0,0,0,0,0,0,14.2,blue
  1000,  1000,5,0,0,0,0,0,0,14.2,blue
  1000,  1000,4,0,0,28.8,0,0,0,14.2,blue
  1000,  1000,4,0,0,37.3,0,0,0,14.2,blue
  1000,  1000,5,0,0,0,29.9,0,0,14.2,blue
  1000,750,5,0,0,0,33.8,0,0,14.2,blue
  1000,800,3,16.8,0,0,21.4,0,0,14.2,blue
  1000,  1000,5,0,0,0,22.7,0,0,14.2,blue
  1000,  1000,5,0,0,0,0,0,0,14.2,blue
  1000,  1000,3,0,,0,0,30.3,31.9,14.2,blue
  1000,800,5,16.6,0,0,0,14.7,40.2,14.2,blue
  1000,800,5,0,0,0,0,20.2,23.6,14.2,blue
  1000,  1000,5,0,0,0,0,,40.5,14.2,blue
  1000,  1000,5,0,0,0,0,26,41.4,14.2,blue
  1000,800,5,0,0,0,0,26,23.9,14.2,blue
  1000,  1000,5,0,0,0,0,0,20.1,14.2,blue
  1000,  1000,5,0,0,0,0,20.5,80.5,14.2,blue
  1000,800,5,0,0,0,0,43.1,65.3,14.2,blue
  1000,  1000,5,0,0,0,18.5,0,0,14.2,blue
  1000,1000,3,0,0,30.5,0,,,14.2,blue
  1000,  1000,3,0,23.1,0,0,98.1,23.1,14.2,blue
  1000,  1000,4,0,0,0,22.9,0,0,14.2,blue
  1000,  1000,5,0,0,0,0,0,0,14.2,blue
  1000,  1000,4,0,0,0,0,0,0,14.2,blue
  1000,750,5,17,0,0,0,0,0,14.2,blue
  1000,800,5,0,0,0,24.8,,,14.2,blue
  1000,  1000,3,0,0,0,0,36.2,48.9,14.2,blue
  1000,800,5,0,20.4,0,0,,0,14.2,blue
  1000,750,4,0,29.9,0,0,0,0,14.2,blue
  1000,  1000,4,0,25.3,0,0,0,14.8,14.2,blue
  1000,1000,3,0,0,0,0,0,0,14.2,blue
  1000,750,4,0,0,26.6,0,0,0,14.2,blue
  1000,  1000,4,0,0,0,0,0,0,14.2,blue
  1000,  1000,3,0,0,33.3,0,0,0,14.2,blue
  1000,  1000,5,0,0,38.2,0,0,0,14.2,blue
  1000,  1000,5,0,0,23.9,19.8,0,0,14.2,blue
  1000,  1000,5,0,34.1,0,0,,0,14.2,blue
  1000,  1000,3,0,0,0,0,,,14.2,blue
  1000,  1000,5,0,0,0,24.1,19.3,0,14.2,blue
  1000,  1000,4,0,0,30.3,0,0,16.1,14.2,blue
  1000,  1000,5,0,0,0,0,0,44.5,14.2,blue
  1000,  1000,5,0,23.5,0,0,0,0,14.2,blue
  1000,1000,4,0,0,35.3,0,,0,14.2,blue
  1000,  1000,5,0,0,51.8,0,0,0,14.2,blue
  1000,1000,5,0,22.1,0,0,0,0,14.2,blue
  1000,  1000,2,0,0,0,20.4,19.3,41.2,14.2,blue
  1000,  1000,4,0,0,0,20.7,34.4,14.8,14.2,blue
  1000,  1000,4,0,0,0,0,0,0,14.2,blue
  1000,650,5,0,0,28.7,0,0,0,14.2,blue
  1000,1000,5,0,0,0,0,,,14.2,blue
  1000,  1000,5,0,0,0,0,37.1,53.5,14.2,blue
  1000,  1000,5,0,0,0,33.5,0,0,14.2,blue
  1000,1000,3,0,0,29.6,0,0,0,14.2,blue
  1000,  1000,3,0,0,0,26.4,0,0,14.2,blue
  1000,1000,3,0,17.9,25.3,0,0,0,14.2,blue
  1000,  1000,5,0,0,40.2,0,0,18.1,14.2,blue
  1000,  1000,4,0,0,0,0,28.1,0,14.2,blue
  1000,  1000,4,0,0,0,0,0,0,14.2,blue
  1000,  1000,5,0,17.9,0,0,,,14.2,blue
  1000,800,4,0,0,0,19.1,27.8,0,14.2,blue
1000,1000,5,0,19.9,100,17.3,,31.1,0.0,blue
1000,1000,4,0,0,0,0,84.1,20.5,0.0,blue
1000,1000,3,17.5,21.1,95.1,29.8,100,100,0.0,blue
1000,1000,5,0,24.6,0,39.2,88.8,73.1,0.0,blue
1000,1000,4,0,26.6,99.8,51.1,97.7,100,0.0,blue
1000,1000,5,0,58.1,0,0,100,99.9,0.0,blue
1000,1000,5,0,77.1,0,32.7,99.7,92.4,0.0,blue
1000,1000,5,0,35.2,0,0,34.5,74.1,0.0,blue
1000,1000,5,18.7,96,0,66.5,100,100,0.0,blue
1000,1000,4,27.8,93.8,78.7,56.6,100,100,0.0,blue
1000,1000,3,30,0,58.4,0,,0,0.0,blue
1000,1000,5,43.3,0,99.8,89.3,89.9,51,0.0,blue
1000,1000,1,20.8,0,88.5,100,100,100,0.0,blue
1000,1000,4,30.8,94.5,0,94.5,100,100,0.0,blue
1000,1000,5,0,34.7,0,54.3,89.1,32.5,0.0,blue
1000,1000,5,22.9,87.2,0,20.2,35.2,23.7,0.0,blue
1000,1000,3,0,24,36.9,24.6,,38.3,0.0,blue
1000,1000,5,51.5,21.8,100,61.1,48,0,0.0,blue
1000,1000,4,0,25.2,0,0,0,71.2,0.0,blue
1000,1000,4,21.7,0,100,99.5,,,0.0,blue
1000,1000,3,0,27.9,0,66.8,83,61.7,0.0,blue
